{
  "category": {
    "Human Diseases": [
      0.12156862745098039,
      0.4666666666666667,
      0.7058823529411765
    ],
    "Organismal Systems": [
      0.6823529411764706,
      0.7803921568627451,
      0.9098039215686274
    ],
    "Cellular Processes": [
      1.0,
      0.4980392156862745,
      0.054901960784313725
    ],
    "Metabolism": [
      1.0,
      0.7333333333333333,
      0.47058823529411764
    ],
    "Environmental Information Processing": [
      0.17254901960784313,
      0.6274509803921569,
      0.17254901960784313
    ],
    "Genetic Information Processing": [
      0.596078431372549,
      0.8745098039215686,
      0.5411764705882353
    ]
  },
  "subcategory": {
    "Immune disease": [
      0.12156862745098039,
      0.4666666666666667,
      0.7058823529411765
    ],
    "Immune system": [
      0.6823529411764706,
      0.7803921568627451,
      0.9098039215686274
    ],
    "Transport and catabolism": [
      1.0,
      0.4980392156862745,
      0.054901960784313725
    ],
    "Infectious disease: bacterial": [
      1.0,
      0.7333333333333333,
      0.47058823529411764
    ],
    "Infectious disease: viral": [
      0.17254901960784313,
      0.6274509803921569,
      0.17254901960784313
    ],
    "Cardiovascular disease": [
      0.596078431372549,
      0.8745098039215686,
      0.5411764705882353
    ],
    "Endocrine and metabolic disease": [
      0.8392156862745098,
      0.15294117647058825,
      0.1568627450980392
    ],
    "Glycan biosynthesis and metabolism": [
      1.0,
      0.596078431372549,
      0.5882352941176471
    ],
    "Infectious disease: parasitic": [
      0.5803921568627451,
      0.403921568627451,
      0.7411764705882353
    ],
    "Signal transduction": [
      0.7725490196078432,
      0.6901960784313725,
      0.8352941176470589
    ],
    "Cancer: overview": [
      0.5490196078431373,
      0.33725490196078434,
      0.29411764705882354
    ],
    "Cancer: specific types": [
      0.7686274509803922,
      0.611764705882353,
      0.5803921568627451
    ],
    "Lipid metabolism": [
      0.8901960784313725,
      0.4666666666666667,
      0.7607843137254902
    ],
    "Nervous system": [
      0.9686274509803922,
      0.7137254901960784,
      0.8235294117647058
    ],
    "Signaling molecules and interaction": [
      0.4980392156862745,
      0.4980392156862745,
      0.4980392156862745
    ],
    "Replication and repair": [
      0.7803921568627451,
      0.7803921568627451,
      0.7803921568627451
    ],
    "Chromosome": [
      0.7372549019607844,
      0.7411764705882353,
      0.13333333333333333
    ],
    "Development and regeneration": [
      0.8588235294117647,
      0.8588235294117647,
      0.5529411764705883
    ],
    "Cell growth and death": [
      0.09019607843137255,
      0.7450980392156863,
      0.8117647058823529
    ],
    "Endocrine system": [
      0.6196078431372549,
      0.8549019607843137,
      0.8980392156862745
    ],
    "Substance dependence": [
      0.2235294117647059,
      0.23137254901960785,
      0.4745098039215686
    ],
    "Cellular community - eukaryotes": [
      0.3215686274509804,
      0.32941176470588235,
      0.6392156862745098
    ],
    "Neurodegenerative disease": [
      0.4196078431372549,
      0.43137254901960786,
      0.8117647058823529
    ],
    "Metabolism of other amino acids": [
      0.611764705882353,
      0.6196078431372549,
      0.8705882352941177
    ],
    "Information processing in viruses": [
      0.38823529411764707,
      0.4745098039215686,
      0.2235294117647059
    ],
    "Excretory system": [
      0.5490196078431373,
      0.6352941176470588,
      0.3215686274509804
    ],
    "Environmental adaptation": [
      0.7098039215686275,
      0.8117647058823529,
      0.4196078431372549
    ],
    "Transcription": [
      0.807843137254902,
      0.8588235294117647,
      0.611764705882353
    ],
    "Xenobiotics biodegradation and metabolism": [
      0.5490196078431373,
      0.42745098039215684,
      0.19215686274509805
    ],
    "Global and overview maps": [
      0.7411764705882353,
      0.6196078431372549,
      0.2235294117647059
    ],
    "Drug resistance: antineoplastic": [
      0.9058823529411765,
      0.7294117647058823,
      0.3215686274509804
    ],
    "Carbohydrate metabolism": [
      0.9058823529411765,
      0.796078431372549,
      0.5803921568627451
    ],
    "Circulatory system": [
      0.5176470588235295,
      0.23529411764705882,
      0.2235294117647059
    ],
    "Translation": [
      0.6784313725490196,
      0.28627450980392155,
      0.2901960784313726
    ],
    "Amino acid metabolism": [
      0.8392156862745098,
      0.3803921568627451,
      0.4196078431372549
    ],
    "Nucleotide metabolism": [
      0.9058823529411765,
      0.5882352941176471,
      0.611764705882353
    ],
    "Cell motility": [
      0.4823529411764706,
      0.2549019607843137,
      0.45098039215686275
    ],
    "Energy metabolism": [
      0.6470588235294118,
      0.3176470588235294,
      0.5803921568627451
    ],
    "Digestive system": [
      0.807843137254902,
      0.42745098039215684,
      0.7411764705882353
    ],
    "Sensory system": [
      0.8705882352941177,
      0.6196078431372549,
      0.8392156862745098
    ],
    "Aging": [
      0.19215686274509805,
      0.5098039215686274,
      0.7411764705882353
    ],
    "Metabolism of cofactors and vitamins": [
      0.4196078431372549,
      0.6823529411764706,
      0.8392156862745098
    ],
    "Membrane transport": [
      0.6196078431372549,
      0.792156862745098,
      0.8823529411764706
    ],
    "Metabolism of terpenoids and polyketides": [
      0.7764705882352941,
      0.8588235294117647,
      0.9372549019607843
    ]
  }
}